OBJECTID,routes,route_name,route_filter,route_sort,mode,direction,trip_headsign,shape_id,svc_days,trips_wd,trips_sa,trips_su,trips_7d,agency,feed_version,start_date,end_date,from_gtfs,change_log,comments,empty_feat,Shape__Length
10152,1,Freeport Road,All Routes,00,BUS,IB,Inbound-(IF)-FREEPORT ROAD TO DOWNTOWN,10081,"WD,SA,SU",33,19,19,203,PRT,2510,10/19/2025 6:00:00 AM,2/22/2026 6:00:00 AM,1,,,0,0.405432872674548
10153,1,Freeport Road,All Routes,00,BUS,OB,Outbound-(OF)-FREEPORT ROAD TO TARENTUM,10088,"WD,SA,SU",33,19,19,203,PRT,2510,10/19/2025 6:00:00 AM,2/22/2026 6:00:00 AM,1,,,0,0.408827504135604
10154,11,Fineview,All Routes,00,BUS,OB,Outbound-(OA)-FINEVIEW TO DOWNTOWN,110055,"WD,SA,SU",25,16,9,150,PRT,2510,10/19/2025 6:00:00 AM,2/22/2026 6:00:00 AM,1,,,0,0.102371506477671
10155,12,McKnight,All Routes,00,BUS,IB,Inbound-(IA)-MCKNIGHT TO DOWNTOWN,120091,"WD,SA,SU",6,5,6,41,PRT,2510,10/19/2025 6:00:00 AM,2/22/2026 6:00:00 AM,1,,,0,0.256673037103007
10156,12,McKnight,All Routes,00,BUS,IB,Inbound-(IY)-McKNIGHT DOWNTOWN VIA ROSS PK MALL,120092,"WD,SA,SU",18,21,11,122,PRT,2510,10/19/2025 6:00:00 AM,2/22/2026 6:00:00 AM,1,,,0,0.27015901264837
10157,12,McKnight,All Routes,00,BUS,OB,Outbound-(OA)-MCKNIGHT TO McCANDLESS PNR,120107,"WD,SA,SU",6,6,5,41,PRT,2510,10/19/2025 6:00:00 AM,2/22/2026 6:00:00 AM,1,,,0,0.254039053384445
10158,12,McKnight,All Routes,00,BUS,OB,Outbound-(OY)-McKNIGHT MCCANDLESS P-N-R VIA ROSS PK ML,120108,"WD,SA,SU",19,21,11,127,PRT,2510,10/19/2025 6:00:00 AM,2/22/2026 6:00:00 AM,1,,,0,0.267384398993448
10159,13,Bellevue,All Routes,00,BUS,IB,Inbound-(I)-BELLEVUE TO DOWNTOWN,130050,"WD,SA,SU",39,37,21,253,PRT,2510,10/19/2025 6:00:00 AM,2/22/2026 6:00:00 AM,1,,,0,0.156720507754173
10160,13,Bellevue,All Routes,00,BUS,OB,Outbound-(O)-BELLEVUE TO WEST VIEW,130056,"WD,SA,SU",39,37,21,253,PRT,2510,10/19/2025 6:00:00 AM,2/22/2026 6:00:00 AM,1,,,0,0.157523399452541
10161,14,Ohio Valley,All Routes,00,BUS,IB,Inbound-(IN)-OHIO VALLEY TO ALLEGHENY STATION,140037,"WD,SA,SU",24,17,15,152,PRT,2510,10/19/2025 6:00:00 AM,2/22/2026 6:00:00 AM,1,,,0,0.280557039937024
10162,14,Ohio Valley,All Routes,00,BUS,OB,Outbound-(ON)-OHIO VALLEY TO AMBRIDGE,140038,"WD,SA,SU",24,17,15,152,PRT,2510,10/19/2025 6:00:00 AM,2/22/2026 6:00:00 AM,1,,,0,0.279620963077962
10163,15,Charles,All Routes,00,BUS,IB,Inbound-(IA)-CHARLES TO DOWNTOWN,150053,"WD,SA,SU",35,29,20,224,PRT,2510,10/19/2025 6:00:00 AM,2/22/2026 6:00:00 AM,1,,,0,0.112628499059932
10164,15,Charles,All Routes,00,BUS,OB,Outbound-(OA)-CHARLES TO SUMMER HILL,150061,"WD,SA,SU",33,29,18,212,PRT,2510,10/19/2025 6:00:00 AM,2/22/2026 6:00:00 AM,1,,,0,0.110453562336036
10165,16,Brighton,All Routes,00,BUS,IB,Inbound-(I)-BRIGHTON TO DOWNTOWN,160023,"WD,SA,SU",55,46,36,357,PRT,2510,10/19/2025 6:00:00 AM,2/22/2026 6:00:00 AM,1,,,0,0.115601416721444
10166,16,Brighton,All Routes,00,BUS,OB,Outbound-(O)-BRIGHTON TO AVALON LOOP,160030,"WD,SA,SU",55,46,36,357,PRT,2510,10/19/2025 6:00:00 AM,2/22/2026 6:00:00 AM,1,,,0,0.120903451801854
10167,17,Shadeland,All Routes,00,BUS,IB,Inbound-(I)-SHADELAND TO DOWNTOWN,170018,"WD,SA,SU",33,18,22,205,PRT,2510,10/19/2025 6:00:00 AM,2/22/2026 6:00:00 AM,1,,,0,0.145491255362932
10168,17,Shadeland,All Routes,00,BUS,OB,Outbound-(O)-SHADELAND TO ROSS,170029,"WD,SA,SU",33,18,22,205,PRT,2510,10/19/2025 6:00:00 AM,2/22/2026 6:00:00 AM,1,,,0,0.1538687003834
10169,18,Manchester,All Routes,00,BUS,IB,Inbound-(IN)-MANCHESTER TO ALLEGHENY STATION,180001,WD,12,0,0,60,PRT,2510,10/19/2025 6:00:00 AM,2/22/2026 6:00:00 AM,1,,,0,0.0428304457755357
10170,18,Manchester,All Routes,00,BUS,OB,Outbound-(ON)-MANCHESTER TO MANCHESTER,180008,WD,11,0,0,55,PRT,2510,10/19/2025 6:00:00 AM,2/22/2026 6:00:00 AM,1,,,0,0.0578159179107558
10171,19L,Emsworth Limited,All Routes,00,BUS,IB,Inbound-(IN)-EMSWORTH LIMITED TO DOWNTOWN,19L0036,WD,7,0,0,35,PRT,2510,10/19/2025 6:00:00 AM,2/22/2026 6:00:00 AM,1,,,0,0.159439863407065
10172,19L,Emsworth Limited,All Routes,00,BUS,OB,Outbound-(ON)-EMSWORTH LIMITED TO EMSWORTH,19L0044,WD,6,0,0,30,PRT,2510,10/19/2025 6:00:00 AM,2/22/2026 6:00:00 AM,1,,,0,0.158858544240846
10173,20,Kennedy,All Routes,00,BUS,IB,Inbound-(I)-KENNEDY TO DOWNTOWN,200047,"WD,SA,SU",18,13,9,112,PRT,2510,10/19/2025 6:00:00 AM,2/22/2026 6:00:00 AM,1,,,0,0.244089340811744
10174,20,Kennedy,All Routes,00,BUS,OB,Outbound-(O)-KENNEDY TO KENNEDY CENTER,200048,"WD,SA,SU",18,13,9,112,PRT,2510,10/19/2025 6:00:00 AM,2/22/2026 6:00:00 AM,1,,,0,0.244173587699805
10175,2,Mount Royal,All Routes,00,BUS,IB,Inbound-(IY)-MOUNT ROYAL DOWNTOWN VIA ROSS PK MALL,20086,"WD,SA,SU",11,8,7,70,PRT,2510,10/19/2025 6:00:00 AM,2/22/2026 6:00:00 AM,1,,,0,0.308684820698055
10176,2,Mount Royal,All Routes,00,BUS,IB,Inbound-(IA)-MOUNT ROYAL TO DOWNTOWN,20087,WD,7,0,0,35,PRT,2510,10/19/2025 6:00:00 AM,2/22/2026 6:00:00 AM,1,,,0,0.295339475089053
10177,2,Mount Royal,All Routes,00,BUS,OB,Outbound-(OY)-MOUNT ROYAL N HILLS VILLAGE VIA MILLVALE-ROSS PK ML,20099,"WD,SA,SU",14,8,7,85,PRT,2510,10/19/2025 6:00:00 AM,2/22/2026 6:00:00 AM,1,,,0,0.300608950260164
10178,2,Mount Royal,All Routes,00,BUS,OB,Outbound-(OA)-MOUNT ROYAL N HILLS VILLAGE VIA MILLVALE,20100,WD,4,0,0,20,PRT,2510,10/19/2025 6:00:00 AM,2/22/2026 6:00:00 AM,1,,,0,0.287122974714801
10179,21,Coraopolis,All Routes,00,BUS,IB,Inbound-(IZ)-CORAOPOLIS TO SEWICKLEY,210062,WD,1,0,0,5,PRT,2510,10/19/2025 6:00:00 AM,2/22/2026 6:00:00 AM,1,,,0,0.00437854226053373
10180,21,Coraopolis,All Routes,00,BUS,OB,Outbound-(OU)-CORAOPOLIS-MOON TO UNIVERSITY BLVD PARK-AND-RIDE,210064,"WD,SA,SU",15,9,9,93,PRT,2510,10/19/2025 6:00:00 AM,2/22/2026 6:00:00 AM,1,,,0,0.293251304000419
10181,21,Coraopolis,All Routes,00,BUS,OB,Outbound-(OS)-CORAOPOLIS-SEWICKLEY TO SEWICKLEY,210065,"WD,SA,SU",15,10,10,95,PRT,2510,10/19/2025 6:00:00 AM,2/22/2026 6:00:00 AM,1,,,0,0.25273560948992
10182,21,Coraopolis,All Routes,00,BUS,IB,Inbound-(IU)-CORAOPOLIS TO DOWNTOWN,210066,"WD,SA,SU",15,9,9,93,PRT,2510,10/19/2025 6:00:00 AM,2/22/2026 6:00:00 AM,1,,,0,0.291286444336293
10183,21,Coraopolis,All Routes,00,BUS,IB,Inbound-(IS)-CORAOPOLIS TO DOWNTOWN,210067,"WD,SA,SU",14,10,10,90,PRT,2510,10/19/2025 6:00:00 AM,2/22/2026 6:00:00 AM,1,,,0,0.239466464758278
10184,22,McCoy,All Routes,00,BUS,OB,Outbound-(O)-McCOY TO KENNEDY CENTER,220042,"WD,SA,SU",26,19,8,157,PRT,2510,10/19/2025 6:00:00 AM,2/22/2026 6:00:00 AM,1,,,0,0.149288333606537
10185,22,McCoy,All Routes,00,BUS,IB,Inbound-(I)-McCOY TO DOWNTOWN,220049,"WD,SA,SU",26,19,8,157,PRT,2510,10/19/2025 6:00:00 AM,2/22/2026 6:00:00 AM,1,,,0,0.148981343753562
10186,24,West Park,All Routes,00,BUS,OB,Outbound-(O)-WEST PARK MALL AT ROBINSON,240077,"WD,SA,SU",31,17,16,188,PRT,2510,10/19/2025 6:00:00 AM,2/22/2026 6:00:00 AM,1,,,0,0.263379492392191
10187,24,West Park,All Routes,00,BUS,IB,Inbound-(I)-WEST PARK TO DOWNTOWN,240078,"WD,SA,SU",31,17,16,188,PRT,2510,10/19/2025 6:00:00 AM,2/22/2026 6:00:00 AM,1,,,0,0.260803267720827
10188,26,Chartiers,All Routes,00,BUS,IB,Inbound-(IB)-CHARTIERS TO DOWNTOWN,260049,"WD,SA,SU",31,18,14,187,PRT,2510,10/19/2025 6:00:00 AM,2/22/2026 6:00:00 AM,1,,,0,0.119231450664611
10189,26,Chartiers,All Routes,00,BUS,OB,Outbound-(OB)-CHARTIERS CRAFTON-INGRAM SHOPPING CENTER,260050,"WD,SA,SU",31,18,14,187,PRT,2510,10/19/2025 6:00:00 AM,2/22/2026 6:00:00 AM,1,,,0,0.118684540650731
10190,27,Fairywood,All Routes,00,BUS,OB,Outbound-(OB)-FAIRYWOOD CRAFTON-INGRAM SHOPPING CENTER,270052,"WD,SA,SU",30,17,16,183,PRT,2510,10/19/2025 6:00:00 AM,2/22/2026 6:00:00 AM,1,,,0,0.143222783633917
10191,27,Fairywood,All Routes,00,BUS,IB,Inbound-(IB)-FAIRYWOOD TO DOWNTOWN,270053,"WD,SA,SU",30,17,16,183,PRT,2510,10/19/2025 6:00:00 AM,2/22/2026 6:00:00 AM,1,,,0,0.14376974572771
10192,28X,Airport Flyer,All Routes,00,BUS,OB,Outbound-(ON)-AIRPORT FLYER TO AIRPORT VIA ROBINSON,28X0097,"WD,SA,SU",34,37,36,243,PRT,2510,10/19/2025 6:00:00 AM,2/22/2026 6:00:00 AM,1,,,0,0.479709343885025
10193,28X,Airport Flyer,All Routes,00,BUS,IB,Inbound-(IN)-AIRPORT FLYER TO DOWNTOWN & OAKLAND,28X0106,"WD,SA,SU",34,37,36,243,PRT,2510,10/19/2025 6:00:00 AM,2/22/2026 6:00:00 AM,1,,,0,0.480123059892687
10194,29,Robinson,All Routes,00,BUS,OB,Outbound-(OC)-ROBINSON TO CCAC WEST,290077,"WD,SA,SU",21,15,8,128,PRT,2510,10/19/2025 6:00:00 AM,2/22/2026 6:00:00 AM,1,,,0,0.288366866072444
10195,29,Robinson,All Routes,00,BUS,IB,Inbound-(IC)-ROBINSON TO DOWNTOWN,290078,"WD,SA,SU",22,15,8,133,PRT,2510,10/19/2025 6:00:00 AM,2/22/2026 6:00:00 AM,1,,,0,0.284069035658009
10196,31,Bridgeville,All Routes,00,BUS,OB,Outbound-(OB)-BRIDGEVILLE TO BRIDGEVILLE,310081,"WD,SA,SU",28,14,15,169,PRT,2510,10/19/2025 6:00:00 AM,2/22/2026 6:00:00 AM,1,,,0,0.200388682783668
10197,31,Bridgeville,All Routes,00,BUS,IB,Inbound-(I)-BRIDGEVILLE TO DOWNTOWN,310088,"WD,SA,SU",28,14,15,169,PRT,2510,10/19/2025 6:00:00 AM,2/22/2026 6:00:00 AM,1,,,0,0.195388820021487
10198,36,Banksville,All Routes,00,BUS,IB,Inbound-(I)-BANKSVILLE TO DOWNTOWN,360032,"WD,SA,SU",20,9,7,116,PRT,2510,10/19/2025 6:00:00 AM,2/22/2026 6:00:00 AM,1,,,0,0.150984163016313
10199,36,Banksville,All Routes,00,BUS,OB,Outbound-(O)-BANKSVILLE SOUTH HILLS VILLAGE,360036,"WD,SA,SU",20,9,7,116,PRT,2510,10/19/2025 6:00:00 AM,2/22/2026 6:00:00 AM,1,,,0,0.178428458413417
10200,38,Green Tree,All Routes,00,BUS,OB,Outbound-(OM)-GREEN TREE TO MT LEBANON STATION,380086,"WD,SA,SU",15,7,6,88,PRT,2510,10/19/2025 6:00:00 AM,2/22/2026 6:00:00 AM,1,,,0,0.140058611290699
10201,38,Green Tree,All Routes,00,BUS,IB,Inbound-(IM)-GREEN TREE TO DOWNTOWN VIA GREENTREE TO CARSON ST,380087,"WD,SA,SU",15,7,6,88,PRT,2510,10/19/2025 6:00:00 AM,2/22/2026 6:00:00 AM,1,,,0,0.132432482650806
10202,38,Green Tree,All Routes,00,BUS,OB,Outbound-(OG)-GREEN TREE TO CHARTIERS VALLEY SHOPPING CENTER,380090,"WD,SA,SU",15,7,6,88,PRT,2510,10/19/2025 6:00:00 AM,2/22/2026 6:00:00 AM,1,,,0,0.182607590992808
10203,38,Green Tree,All Routes,00,BUS,IB,Inbound-(IG)-GREEN TREE DOWNTOWN VIA GREENTREE TO I-376,380098,"WD,SA,SU",15,7,6,88,PRT,2510,10/19/2025 6:00:00 AM,2/22/2026 6:00:00 AM,1,,,0,0.178852469798899
10204,39,Brookline,All Routes,00,BUS,IB,Inbound-(OA)-BROOKLINE TO DOWNTOWN-PENN STATION,390046,WD,3,0,0,15,PRT,2510,10/19/2025 6:00:00 AM,2/22/2026 6:00:00 AM,1,,,0,0.0302172306271362
10205,39,Brookline,All Routes,00,BUS,IB,Inbound-(IA)-BROOKLINE TO DOWNTOWN-PENN STATION,390069,"WD,SA,SU",38,14,8,212,PRT,2510,10/19/2025 6:00:00 AM,2/22/2026 6:00:00 AM,1,,,0,0.0995135358664765
10206,39,Brookline,All Routes,00,BUS,OB,Outbound-(OB)-BROOKLINE TO BROOKLINE,390080,"WD,SA,SU",35,14,7,196,PRT,2510,10/19/2025 6:00:00 AM,2/22/2026 6:00:00 AM,1,,,0,0.105326704666159
10207,40,Mount Washington,All Routes,00,BUS,IB,Inbound-(I)-MOUNT WASHINGTON TO DOWNTOWN,400063,"WD,SA,SU",28,14,13,167,PRT,2510,10/19/2025 6:00:00 AM,2/22/2026 6:00:00 AM,1,,,0,0.0912318662998814
10208,40,Mount Washington,All Routes,00,BUS,OB,Outbound-(O)-MOUNT WASHINGTON TO DUQUESNE HEIGHTS,400075,"WD,SA,SU",27,14,13,162,PRT,2510,10/19/2025 6:00:00 AM,2/22/2026 6:00:00 AM,1,,,0,0.0860250936460168
10209,4,Troy Hill,All Routes,00,BUS,IB,Inbound-(I)-TROY HILL TO DOWNTOWN,40026,"WD,SA,SU",22,11,7,128,PRT,2510,10/19/2025 6:00:00 AM,2/22/2026 6:00:00 AM,1,,,0,0.116919581764709
10210,4,Troy Hill,All Routes,00,BUS,OB,Outbound-(O)-TROY HILL TO TROY HILL,40037,"WD,SA,SU",22,11,7,128,PRT,2510,10/19/2025 6:00:00 AM,2/22/2026 6:00:00 AM,1,,,0,0.121731210614549
10211,41,Bower Hill,All Routes,00,BUS,IB,Inbound-(IP)-BOWER HILL TO DOWNTOWN,410065,"WD,SA,SU",22,18,12,140,PRT,2510,10/19/2025 6:00:00 AM,2/22/2026 6:00:00 AM,1,,,0,0.210326556575882
10212,41,Bower Hill,All Routes,00,BUS,OB,Outbound-(OP)-BOWER HILL TO BRIDGEVILLE,410077,"WD,SA,SU",22,18,12,140,PRT,2510,10/19/2025 6:00:00 AM,2/22/2026 6:00:00 AM,1,,,0,0.20208281898857
10213,43,Bailey,All Routes,00,BUS,IB,Inbound-(IB)-BAILEY TO DOWNTOWN,430033,"WD,SA,SU",18,18,16,124,PRT,2510,10/19/2025 6:00:00 AM,2/22/2026 6:00:00 AM,1,,,0,0.0862653501833889
10214,43,Bailey,All Routes,00,BUS,OB,Outbound-(OB)-BAILEY TO SOUTH HILLS JUNCTION,430039,"WD,SA,SU",18,18,16,124,PRT,2510,10/19/2025 6:00:00 AM,2/22/2026 6:00:00 AM,1,,,0,0.0868793597442542
10215,44,Knoxville,All Routes,00,BUS,IB,Inbound-(IB)-KNOXVILLE TO DOWNTOWN-PENN STATION,440083,WD,22,0,0,110,PRT,2510,10/19/2025 6:00:00 AM,2/22/2026 6:00:00 AM,1,,,0,0.190027956547636
10216,44,Knoxville,All Routes,00,BUS,IB,Inbound-(IA)-KNOXVILLE TO DOWNTOWN-PENN STATION,440085,"SA,SU",0,23,13,36,PRT,2510,10/19/2025 6:00:00 AM,2/22/2026 6:00:00 AM,1,,,0,0.0949046068236539
10217,44,Knoxville,All Routes,00,BUS,OB,Outbound-(OA)-KNOXVILLE TO ST CLAIR,440093,"SA,SU",0,22,13,35,PRT,2510,10/19/2025 6:00:00 AM,2/22/2026 6:00:00 AM,1,,,0,0.104603068115058
10218,44,Knoxville,All Routes,00,BUS,OB,Outbound-(OB)-KNOXVILLE TO NORTH BALDWIN,440094,WD,20,0,0,100,PRT,2510,10/19/2025 6:00:00 AM,2/22/2026 6:00:00 AM,1,,,0,0.20047450017431
10219,48,Arlington,All Routes,00,BUS,IB,Inbound-(IB)-ARLINGTON TO DOWNTOWN,480045,"WD,SA,SU",38,37,22,249,PRT,2510,10/19/2025 6:00:00 AM,2/22/2026 6:00:00 AM,1,,,0,0.108952109460013
10220,48,Arlington,All Routes,00,BUS,OB,Outbound-(OB)-ARLINGTON TO SOUTH HILLS JUNCTION,480052,"WD,SA,SU",38,37,22,249,PRT,2510,10/19/2025 6:00:00 AM,2/22/2026 6:00:00 AM,1,,,0,0.109551048322931
10221,51,Carrick,All Routes,00,BUS,IB,Inbound-(IE)-CARRICK TO DOWNTOWN,510131,"WD,SA,SU",41,41,32,278,PRT,2510,10/19/2025 6:00:00 AM,2/22/2026 6:00:00 AM,1,,,0,0.227444825409557
10222,51,Carrick,All Routes,00,BUS,IB,Inbound-(IB)-CARRICK TO DOWNTOWN,510132,"WD,SA,SU",58,22,11,323,PRT,2510,10/19/2025 6:00:00 AM,2/22/2026 6:00:00 AM,1,,,0,0.104870691847149
10223,51,Carrick,All Routes,00,BUS,OB,Outbound-(OE)-CARRICK TO WEST MIFFLIN,510133,"WD,SA,SU",40,40,31,271,PRT,2510,10/19/2025 6:00:00 AM,2/22/2026 6:00:00 AM,1,,,0,0.229715470263059
10224,51,Carrick,All Routes,00,BUS,OB,Outbound-(OB)-CARRICK TO BRENTWOOD LOOP,510134,"WD,SA,SU",58,22,11,323,PRT,2510,10/19/2025 6:00:00 AM,2/22/2026 6:00:00 AM,1,,,0,0.105752039374744
10225,51,Carrick,All Routes,00,BUS,IB,Inbound-(IC)-CARRICK TO DOWNTOWN,510135,"WD,SA,SU",4,5,2,27,PRT,2510,10/19/2025 6:00:00 AM,2/22/2026 6:00:00 AM,1,,,0,0.200295079530573
10226,51,Carrick,All Routes,00,BUS,OB,Outbound-(OC)-CARRICK TO WEST MIFFLIN,510136,"WD,SA,SU",5,6,3,34,PRT,2510,10/19/2025 6:00:00 AM,2/22/2026 6:00:00 AM,1,,,0,0.200808640254461
10227,51L,Carrick Limited,All Routes,00,BUS,IB,Inbound-(IH)-CARRICK LIMITED TO DOWNTOWN,51L0067,WD,7,0,0,35,PRT,2510,10/19/2025 6:00:00 AM,2/22/2026 6:00:00 AM,1,,,0,0.114727013344495
10228,51L,Carrick Limited,All Routes,00,BUS,OB,Outbound-(OL)-CARRICK LIMITED TO BRENTWOOD TOWN SQUARE,51L0073,WD,7,0,0,35,PRT,2510,10/19/2025 6:00:00 AM,2/22/2026 6:00:00 AM,1,,,0,0.108638622062012
10229,52L,Homeville Limited,All Routes,00,BUS,IB,Inbound-(IG)-HOMEVILLE LIMITED TO DOWNTOWN,52L0064,WD,8,0,0,40,PRT,2510,10/19/2025 6:00:00 AM,2/22/2026 6:00:00 AM,1,,,0,0.229640849876021
10230,52L,Homeville Limited,All Routes,00,BUS,OB,Outbound-(OG)-HOMEVILLE LIMITED TO DUQUESNE,52L0065,WD,4,0,0,20,PRT,2510,10/19/2025 6:00:00 AM,2/22/2026 6:00:00 AM,1,,,0,0.234454293292712
10231,52L,Homeville Limited,All Routes,00,BUS,OB,Outbound-(OP)-HOMEVILLE LIMITED TO DUQUESNE,52L0066,WD,3,0,0,15,PRT,2510,10/19/2025 6:00:00 AM,2/22/2026 6:00:00 AM,1,,,0,0.243790946648132
10238,54,North Side-Oakland-South Side,All Routes,00,BUS,IB,Inbound-(IC)-OAKLAND-NORTH SIDE TO ALLEGHENY STATION,540176,"WD,SA,SU",27,16,11,162,PRT,2510,10/19/2025 6:00:00 AM,2/22/2026 6:00:00 AM,1,,,0,0.215749400994403
10242,54,North Side-Oakland-South Side,All Routes,00,BUS,OB,Outbound-(OC)-OAKLAND-SOUTH SIDE TO SOUTH HILLS JCT,540219,"WD,SA,SU",26,18,11,159,PRT,2510,10/19/2025 6:00:00 AM,2/22/2026 6:00:00 AM,1,,,0,0.215097817128009
10244,55,Glassport,All Routes,00,BUS,OB,Outbound-(O)-GLASSPORT TO WEST MIFFLIN,550077,"WD,SA,SU",18,15,15,120,PRT,2510,10/19/2025 6:00:00 AM,2/22/2026 6:00:00 AM,1,,,0,0.443035206461453
10245,55,Glassport,All Routes,00,BUS,IB,Inbound-(I)-GLASSPORT TO NORTH VERSAILLES,550078,"WD,SA,SU",17,15,15,115,PRT,2510,10/19/2025 6:00:00 AM,2/22/2026 6:00:00 AM,1,,,0,0.445130538741349
10246,56,Lincoln Place,All Routes,00,BUS,IB,Inbound-(IP)-LINCOLN PLACE TO DOWNTOWN,560086,"WD,SA,SU",25,17,16,158,PRT,2510,10/19/2025 6:00:00 AM,2/22/2026 6:00:00 AM,1,,,0,0.267110292453087
10247,56,Lincoln Place,All Routes,00,BUS,OB,Outbound-(OP)-LINCOLN PLACE TO MCKEESPORT-PENN STATE,560087,"WD,SA,SU",25,17,16,158,PRT,2510,10/19/2025 6:00:00 AM,2/22/2026 6:00:00 AM,1,,,0,0.268685683082634
10250,58,Greenfield,All Routes,00,BUS,IB,Inbound-(ID)-GREENFIELD TO DOWNTOWN,580051,"WD,SA,SU",20,12,9,121,PRT,2510,10/19/2025 6:00:00 AM,2/22/2026 6:00:00 AM,1,,,0,0.146316556888698
10251,58,Greenfield,All Routes,00,BUS,OB,Outbound-(OD)-GREENFIELD TO CARNEGIE MELLON,580052,"WD,SA,SU",20,12,9,121,PRT,2510,10/19/2025 6:00:00 AM,2/22/2026 6:00:00 AM,1,,,0,0.18132278003997
10254,60,Walnut-Crawford Village,All Routes,00,BUS,OB,Outbound-(L)-WALNUT-CRAWFORD VILLAGE,600090,"WD,SA,SU",14,9,9,88,PRT,2510,10/19/2025 6:00:00 AM,2/22/2026 6:00:00 AM,1,,,0,0.156180126758938
10255,60,Walnut-Crawford Village,All Routes,00,BUS,OB,Outbound-(S)-WALNUT-CRAWFORD VILLAGE,600091,"WD,SA,SU",1,1,1,7,PRT,2510,10/19/2025 6:00:00 AM,2/22/2026 6:00:00 AM,1,,,0,0.0705515454334215
10256,60,Walnut-Crawford Village,All Routes,00,BUS,OB,Outbound-(N)-WALNUT CRAWFORD VILLAGE TO MCKEESPORT TRANSPORTATION CENTER,600095,"WD,SA,SU",1,1,1,7,PRT,2510,10/19/2025 6:00:00 AM,2/22/2026 6:00:00 AM,1,,,0,0.0539097980557564
10257,6,Spring Hill,All Routes,00,BUS,IB,Inbound-(IA)-SPRING HILL TO DOWNTOWN,60052,"WD,SA,SU",35,35,25,235,PRT,2510,10/19/2025 6:00:00 AM,2/22/2026 6:00:00 AM,1,,,0,0.0771231831144606
10258,6,Spring Hill,All Routes,00,BUS,OB,Outbound-(OA)-SPRING HILL TO SUMMER HILL,60066,"WD,SA,SU",34,35,24,229,PRT,2510,10/19/2025 6:00:00 AM,2/22/2026 6:00:00 AM,1,,,0,0.0752429290512393
10259,61A,North Braddock,All Routes,00,BUS,IB,Inbound-(IB)-NORTH BRADDOCK TO DOWNTOWN,61A0160,"WD,SA,SU",48,39,31,310,PRT,2510,10/19/2025 6:00:00 AM,2/22/2026 6:00:00 AM,1,,,0,0.225501489917653
10260,61A,North Braddock,All Routes,00,BUS,IB,Inbound-(I)-NORTH BRADDOCK TO DOWNTOWN,61A0161,"WD,SA",12,10,0,70,PRT,2510,10/19/2025 6:00:00 AM,2/22/2026 6:00:00 AM,1,,,0,0.203531541754796
10261,61A,North Braddock,All Routes,00,BUS,OB,Outbound-(OB)-NORTH BRADDOCK BRADDOCK HILLS SHOPPING CENTER,61A0171,"WD,SA,SU",51,39,31,325,PRT,2510,10/19/2025 6:00:00 AM,2/22/2026 6:00:00 AM,1,,,0,0.22987262210183
10262,61A,North Braddock,All Routes,00,BUS,OB,Outbound-(O)-NORTH BRADDOCK BRADDOCK-6TH,61A0172,"WD,SA",9,10,0,55,PRT,2510,10/19/2025 6:00:00 AM,2/22/2026 6:00:00 AM,1,,,0,0.205795539146884
10263,61B,Braddock-Swissvale,All Routes,00,BUS,IB,Inbound-(IB)-BRADDOCK-SWISSVALE TO DOWNTOWN,61B0146,"WD,SA,SU",48,40,31,311,PRT,2510,10/19/2025 6:00:00 AM,2/22/2026 6:00:00 AM,1,,,0,0.187679429111161
10264,61B,Braddock-Swissvale,All Routes,00,BUS,IB,Inbound-(I)-BRADDOCK-SWISSVALE TO DOWNTOWN,61B0147,"WD,SA",13,9,0,74,PRT,2510,10/19/2025 6:00:00 AM,2/22/2026 6:00:00 AM,1,,,0,0.165708475925942
10265,61B,Braddock-Swissvale,All Routes,00,BUS,OB,Outbound-(OB)-BRADDOCK-SWISSVALE BRADDOCK HILLS SHOPPING CENTER,61B0159,"WD,SA,SU",52,39,27,326,PRT,2510,10/19/2025 6:00:00 AM,2/22/2026 6:00:00 AM,1,,,0,0.19013576147885
10266,61B,Braddock-Swissvale,All Routes,00,BUS,OB,Outbound-(O)-BRADDOCK-SWISSVALE BRADDOCK-6TH,61B0160,"WD,SA,SU",9,10,4,59,PRT,2510,10/19/2025 6:00:00 AM,2/22/2026 6:00:00 AM,1,,,0,0.166057674800148
10267,61C,McKeesport-Homestead,All Routes,00,BUS,IB,Inbound-(I)-MCKEESPORT HOMESTEAD TO DOWNTOWN,61C0084,"WD,SA,SU",61,49,31,385,PRT,2510,10/19/2025 6:00:00 AM,2/22/2026 6:00:00 AM,1,,,0,0.261560854660561
10268,61C,McKeesport-Homestead,All Routes,00,BUS,OB,Outbound-(O)-MCKEESPORT HOMESTEAD VIA OAKLAND-SQUIRREL HILL,61C0089,"WD,SA,SU",61,49,31,385,PRT,2510,10/19/2025 6:00:00 AM,2/22/2026 6:00:00 AM,1,,,0,0.252952948287021
10273,65,Squirrel Hill,All Routes,00,BUS,OB,Outbound-(OR)-SQUIRREL HILL TO BEECHWOOD-DOUGLAS,650055,WD,6,0,0,30,PRT,2510,10/19/2025 6:00:00 AM,2/22/2026 6:00:00 AM,1,,,0,0.127460588483757
10274,65,Squirrel Hill,All Routes,00,BUS,OB,Outbound-(OL)-SQUIRREL HILL TO WIGHTMAN-BEACON,650058,WD,1,0,0,5,PRT,2510,10/19/2025 6:00:00 AM,2/22/2026 6:00:00 AM,1,,,0,0.153517966890564
10275,65,Squirrel Hill,All Routes,00,BUS,IB,Inbound-(IL)-SQUIRREL HILL TO DOWNTOWN,650070,WD,1,0,0,5,PRT,2510,10/19/2025 6:00:00 AM,2/22/2026 6:00:00 AM,1,,,0,0.149041187374251
10276,65,Squirrel Hill,All Routes,00,BUS,IB,Inbound-(IR)-SQUIRREL HILL TO DOWNTOWN,650071,WD,7,0,0,35,PRT,2510,10/19/2025 6:00:00 AM,2/22/2026 6:00:00 AM,1,,,0,0.13337222827915
10277,67,Monroeville,All Routes,00,BUS,IB,Inbound-(IF)-MONROEVILLE TO DOWNTOWN VIA OAKLAND,670168,"SA,SU",0,15,14,29,PRT,2510,10/19/2025 6:00:00 AM,2/22/2026 6:00:00 AM,1,,,0,0.342727658290988
10278,67,Monroeville,All Routes,00,BUS,IB,Inbound-(IB)-MONROEVILLE TO DOWNTOWN VIA OAKLAND,670170,WD,25,0,0,125,PRT,2510,10/19/2025 6:00:00 AM,2/22/2026 6:00:00 AM,1,,,0,0.369933137469407
10279,67,Monroeville,All Routes,00,BUS,OB,Outbound-(OS)-MONROEVILLE TO CCAC BOYCE,670171,WD,3,0,0,15,PRT,2510,10/19/2025 6:00:00 AM,2/22/2026 6:00:00 AM,1,,,0,0.257126766983674
10280,67,Monroeville,All Routes,00,BUS,IB,Inbound-(IS)-MONROEVILLE TO DOWNTOWN VIA OAKLAND,670172,WD,2,0,0,10,PRT,2510,10/19/2025 6:00:00 AM,2/22/2026 6:00:00 AM,1,,,0,0.112569447338813
10281,67,Monroeville,All Routes,00,BUS,OB,Outbound-(OB)-MONROEVILLE TO CCAC BOYCE,670187,WD,22,0,0,110,PRT,2510,10/19/2025 6:00:00 AM,2/22/2026 6:00:00 AM,1,,,0,0.365926759847453
10282,67,Monroeville,All Routes,00,BUS,OB,Outbound-(OF)-MONROEVILLE TO FORBES HOSPITAL,670188,"SA,SU",0,15,14,29,PRT,2510,10/19/2025 6:00:00 AM,2/22/2026 6:00:00 AM,1,,,0,0.332304116695005
10283,69,Trafford,All Routes,00,BUS,IB,Inbound-(IW)-TRAFFORD TO WILKINSBURG,690145,"SA,SU",0,10,10,20,PRT,2510,10/19/2025 6:00:00 AM,2/22/2026 6:00:00 AM,1,,,0,0.206627152679174
10284,69,Trafford,All Routes,00,BUS,OB,Outbound-(OW)-TRAFFORD VIA WILKINSBURG,690146,"SA,SU",0,10,10,20,PRT,2510,10/19/2025 6:00:00 AM,2/22/2026 6:00:00 AM,1,,,0,0.183812589937131
10285,69,Trafford,All Routes,00,BUS,OB,Outbound-(OF)-TRAFFORD VIA WILKINSBURG,690148,WD,3,0,0,15,PRT,2510,10/19/2025 6:00:00 AM,2/22/2026 6:00:00 AM,1,,,0,0.267909772933343
10286,69,Trafford,All Routes,00,BUS,IB,Inbound-(IB)-TRAFFORD TO DOWNTOWN VIA OAKLAND,690149,WD,22,0,0,110,PRT,2510,10/19/2025 6:00:00 AM,2/22/2026 6:00:00 AM,1,,,0,0.406587740992851
10287,69,Trafford,All Routes,00,BUS,IB,Inbound-(IF)-TRAFFORD TO WILKINSBURG,690150,WD,2,0,0,10,PRT,2510,10/19/2025 6:00:00 AM,2/22/2026 6:00:00 AM,1,,,0,0.269873259036143
10288,69,Trafford,All Routes,00,BUS,OB,Outbound-(OB)-TRAFFORD TO FORBES HOSPITAL,690166,WD,22,0,0,110,PRT,2510,10/19/2025 6:00:00 AM,2/22/2026 6:00:00 AM,1,,,0,0.399165603855118
10289,7,Spring Garden,All Routes,00,BUS,OB,Outbound-(OB)-SPRING GARDEN TO SUMMER HILL,70018,WD,6,0,0,30,PRT,2510,10/19/2025 6:00:00 AM,2/22/2026 6:00:00 AM,1,,,0,0.0945106562925031
10290,7,Spring Garden,All Routes,00,BUS,IB,Inbound-(I)-SPRING GARDEN TO DOWNTOWN,70019,WD,6,0,0,30,PRT,2510,10/19/2025 6:00:00 AM,2/22/2026 6:00:00 AM,1,,,0,0.0835914897178151
10291,71,Edgewood Town Center,All Routes,00,BUS,IB,Inbound-(IE)-EDGEWOOD TOWN CENTER TO WILKINSBURG,710029,WD,6,0,0,30,PRT,2510,10/19/2025 6:00:00 AM,2/22/2026 6:00:00 AM,1,,,0,0.105687766532827
10292,71,Edgewood Town Center,All Routes,00,BUS,OB,Outbound-(OE)-EDGEWOOD TOWN CENTER TO SWISSVALE,710030,WD,6,0,0,30,PRT,2510,10/19/2025 6:00:00 AM,2/22/2026 6:00:00 AM,1,,,0,0.106376162156352
10293,71A,Negley Short,All Routes,00,BUS,IB,Inbound-(IM)-NEGLEY SHORT TO OAKLAND,71A0059,"WD,SA,SU",63,49,37,401,PRT,2510,10/19/2025 6:00:00 AM,2/22/2026 6:00:00 AM,1,,,0,0.0610825599652459
10294,71A,Negley Short,All Routes,00,BUS,OB,Outbound-(OM)-NEGLEY SHORT TO HIGHLAND PARK,71A0060,"WD,SA,SU",63,49,37,401,PRT,2510,10/19/2025 6:00:00 AM,2/22/2026 6:00:00 AM,1,,,0,0.077218949774094
10295,71B,Highland Park,All Routes,00,BUS,OB,Outbound-(O)-HIGHLAND PARK VIA FIFTH AVENUE,71B0079,"WD,SA,SU",63,49,31,395,PRT,2510,10/19/2025 6:00:00 AM,2/22/2026 6:00:00 AM,1,,,0,0.132540867856555
10296,71B,Highland Park,All Routes,00,BUS,IB,Inbound-(I)-HIGHLAND PARK TO DOWNTOWN VIA OAKLAND,71B0080,"WD,SA,SU",61,49,31,385,PRT,2510,10/19/2025 6:00:00 AM,2/22/2026 6:00:00 AM,1,,,0,0.109594017555358
10297,71C,Point Breeze Short,All Routes,00,BUS,IB,Inbound-(IS)-POINT BREEZE SHORT TO OAKLAND,71C0054,"WD,SA,SU",62,49,37,396,PRT,2510,10/19/2025 6:00:00 AM,2/22/2026 6:00:00 AM,1,,,0,0.105048583736705
10298,71C,Point Breeze Short,All Routes,00,BUS,OB,Outbound-(OS)-POINT BREEZE SHORT TO WILKINSBURG,71C0055,"WD,SA,SU",62,49,37,396,PRT,2510,10/19/2025 6:00:00 AM,2/22/2026 6:00:00 AM,1,,,0,0.110229185825562
10299,71D,Hamilton Short,All Routes,00,BUS,IB,Inbound-(IW)-HAMILTON SHORT TO OAKLAND,71D0049,"WD,SA,SU",59,49,36,380,PRT,2510,10/19/2025 6:00:00 AM,2/22/2026 6:00:00 AM,1,,,0,0.090558852606816
10300,71D,Hamilton Short,All Routes,00,BUS,OB,Outbound-(OW)-HAMILTON SHORT TO WILKINSBURG,71D0050,"WD,SA,SU",59,49,36,380,PRT,2510,10/19/2025 6:00:00 AM,2/22/2026 6:00:00 AM,1,,,0,0.102311463808429
10301,74,Homewood-Squirrel Hill,All Routes,00,BUS,OB,Outbound-(ON)-HOMEWOOD-SQUIRREL HILL TO BEECHWOOD-TILBURY,740082,"WD,SA,SU",25,14,9,148,PRT,2510,10/19/2025 6:00:00 AM,2/22/2026 6:00:00 AM,1,,,0,0.165352858061776
10302,74,Homewood-Squirrel Hill,All Routes,00,BUS,IB,Inbound-(IN)-HOMEWOOD-SQUIRREL HILL TO EAST LIBERTY,740083,"WD,SA,SU",25,14,9,148,PRT,2510,10/19/2025 6:00:00 AM,2/22/2026 6:00:00 AM,1,,,0,0.169811387436155
10303,75,Ellsworth,All Routes,00,BUS,OB,Outbound-(OW)-ELLSWORTH TO OLD FREEPORT RD,750098,"WD,SA,SU",32,25,21,206,PRT,2510,10/19/2025 6:00:00 AM,2/22/2026 6:00:00 AM,1,,,0,0.193604050917621
10304,75,Ellsworth,All Routes,00,BUS,OB,Outbound-(OB)-ELLSWORTH TO MORNINGSIDE,750099,"WD,SA,SU",2,3,3,16,PRT,2510,10/19/2025 6:00:00 AM,2/22/2026 6:00:00 AM,1,,,0,0.134641715094547
10305,75,Ellsworth,All Routes,00,BUS,IB,Inbound-(IB)-ELLSWORTH TO SOUTH SIDE WORKS,750100,"WD,SA,SU",2,3,3,16,PRT,2510,10/19/2025 6:00:00 AM,2/22/2026 6:00:00 AM,1,,,0,0.136720194899761
10306,75,Ellsworth,All Routes,00,BUS,OB,Outbound-(OE)-ELLSWORTH SHORT TO EAST LIBERTY,750105,WD,13,0,0,65,PRT,2510,10/19/2025 6:00:00 AM,2/22/2026 6:00:00 AM,1,,,0,0.0977944196167337
10307,75,Ellsworth,All Routes,00,BUS,IB,Inbound-(IW)-ELLSWORTH TO SOUTH SIDE WORKS,750111,"WD,SA,SU",32,25,21,206,PRT,2510,10/19/2025 6:00:00 AM,2/22/2026 6:00:00 AM,1,,,0,0.197746948430168
10308,75,Ellsworth,All Routes,00,BUS,IB,Inbound-(IE)-ELLSWORTH SHORT TO SOUTH SIDE WORKS,750134,WD,13,0,0,65,PRT,2510,10/19/2025 6:00:00 AM,2/22/2026 6:00:00 AM,1,,,0,0.0997352823375522
10309,77,Penn Hills,All Routes,00,BUS,OB,Outbound-(OAG)-PENN HILLS TO ALCOMA,770104,"SA,SU",0,16,15,31,PRT,2510,10/19/2025 6:00:00 AM,2/22/2026 6:00:00 AM,1,,,0,0.252260117205803
10310,77,Penn Hills,All Routes,00,BUS,IB,Inbound-(IA)-PENN HILLS TO DOWNTOWN,770105,"SA,SU",0,16,15,31,PRT,2510,10/19/2025 6:00:00 AM,2/22/2026 6:00:00 AM,1,,,0,0.255480327832773
10311,77,Penn Hills,All Routes,00,BUS,IB,Inbound-(IL)-PENN HILLS-LEECHBURG TO DOWNTOWN,770106,WD,12,0,0,60,PRT,2510,10/19/2025 6:00:00 AM,2/22/2026 6:00:00 AM,1,,,0,0.352060186152623
10312,77,Penn Hills,All Routes,00,BUS,IB,Inbound-(IS)-PENN HILLS-SALTSBURG TO DOWNTOWN,770107,WD,13,0,0,65,PRT,2510,10/19/2025 6:00:00 AM,2/22/2026 6:00:00 AM,1,,,0,0.352997506147778
10313,77,Penn Hills,All Routes,00,BUS,OB,Outbound-(OSG)-PENN HILLS-SALTSBURG TO CCAC BOYCE,770109,WD,12,0,0,60,PRT,2510,10/19/2025 6:00:00 AM,2/22/2026 6:00:00 AM,1,,,0,0.351570363158
10314,77,Penn Hills,All Routes,00,BUS,OB,Outbound-(OLG)-PENN HILLS-LEECHBURG TO CCAC BOYCE,770123,WD,11,0,0,55,PRT,2510,10/19/2025 6:00:00 AM,2/22/2026 6:00:00 AM,1,,,0,0.350633036167071
10315,79,East Hills,All Routes,00,BUS,OB,Outbound-(OB)-EAST HILLS TO WILKINSBURG,790069,"WD,SA,SU",17,26,15,126,PRT,2510,10/19/2025 6:00:00 AM,2/22/2026 6:00:00 AM,1,,,0,0.134521027209772
10316,79,East Hills,All Routes,00,BUS,IB,Inbound-(I)-EAST HILLS TO LINCOLN LOOP,790070,"WD,SA,SU",25,26,14,165,PRT,2510,10/19/2025 6:00:00 AM,2/22/2026 6:00:00 AM,1,,,0,0.140275414961924
10317,79,East Hills,All Routes,00,BUS,OB,Outbound-(OW)-EAST HILLS TO WILKINSBURG,790071,WD,7,0,0,35,PRT,2510,10/19/2025 6:00:00 AM,2/22/2026 6:00:00 AM,1,,,0,0.134549178170188
10318,8,Perrysville,All Routes,00,BUS,IB,Inbound-(IT)-PERRYSVILLE TO DOWNTOWN,80051,"WD,SA,SU",53,31,23,319,PRT,2510,10/19/2025 6:00:00 AM,2/22/2026 6:00:00 AM,1,,,0,0.128567978386276
10319,8,Perrysville,All Routes,00,BUS,OB,Outbound-(OT)-PERRYSVILLE TO WEST VIEW,80052,"WD,SA,SU",53,31,23,319,PRT,2510,10/19/2025 6:00:00 AM,2/22/2026 6:00:00 AM,1,,,0,0.140206621371654
10320,81,Oak Hill,All Routes,00,BUS,IB,Inbound-(IB)-OAK HILL TO DOWNTOWN,810033,"WD,SA,SU",29,24,22,191,PRT,2510,10/19/2025 6:00:00 AM,2/22/2026 6:00:00 AM,1,,,0,0.121642020506177
10321,81,Oak Hill,All Routes,00,BUS,OB,Outbound-(OB)-OAK HILL TO WHARTON SQUARE,810040,"WD,SA,SU",29,24,22,191,PRT,2510,10/19/2025 6:00:00 AM,2/22/2026 6:00:00 AM,1,,,0,0.0929303867297748
10322,82,Lincoln,All Routes,00,BUS,OB,Outbound-(OL)-LINCOLN VIA CENTRE AVENUE,820076,"WD,SA,SU",58,40,38,368,PRT,2510,10/19/2025 6:00:00 AM,2/22/2026 6:00:00 AM,1,,,0,0.128483520599976
10323,82,Lincoln,All Routes,00,BUS,IB,Inbound-(IL)-LINCOLN TO DOWNTOWN,820077,"WD,SA,SU",58,40,38,368,PRT,2510,10/19/2025 6:00:00 AM,2/22/2026 6:00:00 AM,1,,,0,0.131953926884107
10324,83,Bedford Hill,All Routes,00,BUS,OB,Outbound-(OW)-BEDFORD HILL TO WHARTON SQUARE,830041,"WD,SA,SU",27,22,23,180,PRT,2510,10/19/2025 6:00:00 AM,2/22/2026 6:00:00 AM,1,,,0,0.113058393273211
10325,83,Bedford Hill,All Routes,00,BUS,IB,Inbound-(IW)-BEDFORD HILL TO DOWNTOWN,830044,"WD,SA,SU",27,22,23,180,PRT,2510,10/19/2025 6:00:00 AM,2/22/2026 6:00:00 AM,1,,,0,0.140555656415016
10326,86,Liberty,All Routes,00,BUS,IB,Inbound-(IW)-LIBERTY TO DOWNTOWN,860049,"WD,SA,SU",36,37,30,247,PRT,2510,10/19/2025 6:00:00 AM,2/22/2026 6:00:00 AM,1,,,0,0.149398004462941
10327,86,Liberty,All Routes,00,BUS,OB,Outbound-(OW)-LIBERTY TO WILKINSBURG,860057,"WD,SA,SU",36,37,30,247,PRT,2510,10/19/2025 6:00:00 AM,2/22/2026 6:00:00 AM,1,,,0,0.146073825781533
10328,87,Friendship,All Routes,00,BUS,IB,Inbound-(IM)-FRIENDSHIP-MORNINGSIDE TO DOWNTOWN,870047,WD,19,0,0,95,PRT,2510,10/19/2025 6:00:00 AM,2/22/2026 6:00:00 AM,1,,,0,0.148646649984938
10329,87,Friendship,All Routes,00,BUS,IB,Inbound-(I)-FRIENDSHIP-STANTON HTS TO DOWNTOWN,870048,"WD,SA,SU",20,22,9,131,PRT,2510,10/19/2025 6:00:00 AM,2/22/2026 6:00:00 AM,1,,,0,0.139501118951811
10330,87,Friendship,All Routes,00,BUS,OB,Outbound-(O)-FRIENDSHIP-STANTON HEIGHTS TO LAWRENCEVILLE,870056,"WD,SA,SU",19,22,9,126,PRT,2510,10/19/2025 6:00:00 AM,2/22/2026 6:00:00 AM,1,,,0,0.135493358431859
10331,87,Friendship,All Routes,00,BUS,OB,Outbound-(OM)-FRIENDSHIP-MORNINGSIDE TO LAWRENCEVILLE,870058,WD,20,0,0,100,PRT,2510,10/19/2025 6:00:00 AM,2/22/2026 6:00:00 AM,1,,,0,0.148412612579009
10332,88,Penn,All Routes,00,BUS,IB,Inbound-(IM)-PENN TO DOWNTOWN,880048,"WD,SA,SU",35,29,28,232,PRT,2510,10/19/2025 6:00:00 AM,2/22/2026 6:00:00 AM,1,,,0,0.104412839924393
10333,88,Penn,All Routes,00,BUS,OB,Outbound-(OM)-PENN TO BAKERY SQUARE,880054,"WD,SA,SU",35,29,28,232,PRT,2510,10/19/2025 6:00:00 AM,2/22/2026 6:00:00 AM,1,,,0,0.102052752192397
10334,89,Garfield Commons,All Routes,00,BUS,OB,Outbound-(OH)-GARFIELD COMMONS VIA PENN-HIGHLAND,890028,"WD,SA,SU",16,16,14,110,PRT,2510,10/19/2025 6:00:00 AM,2/22/2026 6:00:00 AM,1,,,0,0.0574168723362848
10335,89,Garfield Commons,All Routes,00,BUS,IB,Inbound-(IB)-GARFIELD COMMONS VIA PENN-HIGHLAND,890038,"WD,SA,SU",16,16,14,110,PRT,2510,10/19/2025 6:00:00 AM,2/22/2026 6:00:00 AM,1,,,0,0.0611617649732517
10336,91,Butler Street,All Routes,00,BUS,IB,Inbound-(IR)-BUTLER STREET TO DOWNTOWN,910099,WD,35,0,0,175,PRT,2510,10/19/2025 6:00:00 AM,2/22/2026 6:00:00 AM,1,,,0,0.197396826139362
10337,91,Butler Street,All Routes,00,BUS,IB,Inbound-(I)-BUTLER STREET TO DOWNTOWN,910100,"WD,SA,SU",35,30,31,236,PRT,2510,10/19/2025 6:00:00 AM,2/22/2026 6:00:00 AM,1,,,0,0.177781301136424
10338,91,Butler Street,All Routes,00,BUS,OB,Outbound-(O)-BUTLER STREET-STRIP DISTRICT TO VA HOSPITAL,910101,"WD,SA,SU",35,31,31,237,PRT,2510,10/19/2025 6:00:00 AM,2/22/2026 6:00:00 AM,1,,,0,0.176922895304087
10339,91,Butler Street,All Routes,00,BUS,OB,Outbound-(OR)-BUTLER STREET-STRIP DISTRICT TO RIDC PARK,910107,WD,36,0,0,180,PRT,2510,10/19/2025 6:00:00 AM,2/22/2026 6:00:00 AM,1,,,0,0.18985856257782
10340,93,Lawrenceville-Hazelwood,All Routes,00,BUS,IB,Inbound-(ID)-OAKLAND-HAZELWOOD TO GLEN HAZEL,930058,"WD,SA,SU",30,12,9,171,PRT,2510,10/19/2025 6:00:00 AM,2/22/2026 6:00:00 AM,1,,,0,0.198981346217351
10341,93,Lawrenceville-Hazelwood,All Routes,00,BUS,OB,Outbound-(OD)-OAKLAND-LAWRENCEVILLE TO LAWRENCEVILLE SHOPPING CENTER,930059,"WD,SA,SU",30,12,9,171,PRT,2510,10/19/2025 6:00:00 AM,2/22/2026 6:00:00 AM,1,,,0,0.198159997672685
10342,BLUE,South Hills Village via Overbrook,All Routes,00,RAIL,IB,Inbound-(IV)-BLUE LINE TO DOWNTOWN,BLUE0035,"WD,SA,SU",43,23,19,257,PRT,2510,10/19/2025 6:00:00 AM,2/22/2026 6:00:00 AM,1,,,0,0.179309200911651
10343,BLUE,South Hills Village via Overbrook,All Routes,00,RAIL,OB,Outbound-(OV)-BLUE LINE SOUTH HILLS VILLAGE VIA OVERBROOK,BLUE0036,"WD,SA,SU",44,23,19,262,PRT,2510,10/19/2025 6:00:00 AM,2/22/2026 6:00:00 AM,1,,,0,0.179933958622639
10344,G2,West Busway,All Routes,00,BUS,IB,Inbound-(IC)-WEST BUSWAY-ALL STOPS TO DOWNTOWN,G20112,"WD,SA,SU",43,34,32,281,PRT,2510,10/19/2025 6:00:00 AM,2/22/2026 6:00:00 AM,1,,,0,0.131650998886902
10345,G2,West Busway,All Routes,00,BUS,OB,Outbound-(OC)-WEST BUSWAY-ALL STOPS TO CARNEGIE,G20113,"WD,SA,SU",43,34,32,281,PRT,2510,10/19/2025 6:00:00 AM,2/22/2026 6:00:00 AM,1,,,0,0.128612353205574
10346,G3,Moon Flyer,All Routes,00,BUS,OB,Outbound-(OCP)-MOON FLYER TO UNIVERSITY BLVD PnR VIA CHERRINGTON,G30108,WD,2,0,0,10,PRT,2510,10/19/2025 6:00:00 AM,2/22/2026 6:00:00 AM,1,,,0,0.329433256564417
10347,G3,Moon Flyer,All Routes,00,BUS,OB,Outbound-(OB)-MOON FLYER TO UNIVERSITY BLVD PARK AND RIDE,G30109,WD,5,0,0,25,PRT,2510,10/19/2025 6:00:00 AM,2/22/2026 6:00:00 AM,1,,,0,0.317284172442971
10348,G3,Moon Flyer,All Routes,00,BUS,IB,Inbound-(I)-MOON FLYER TO DOWNTOWN,G30110,WD,5,0,0,25,PRT,2510,10/19/2025 6:00:00 AM,2/22/2026 6:00:00 AM,1,,,0,0.309141207174476
10349,G3,Moon Flyer,All Routes,00,BUS,IB,Inbound-(IC)-MOON FLYER TO DOWNTOWN VIA CHERRINGTON,G30111,WD,2,0,0,10,PRT,2510,10/19/2025 6:00:00 AM,2/22/2026 6:00:00 AM,1,,,0,0.322695191875331
10350,G31,Bridgeville Flyer,All Routes,00,BUS,OB,Outbound-(OB)-BRIDGEVILLE FLYER TO BRIDGEVILLE,G310126,WD,5,0,0,25,PRT,2510,10/19/2025 6:00:00 AM,2/22/2026 6:00:00 AM,1,,,0,0.198558335382442
10351,G31,Bridgeville Flyer,All Routes,00,BUS,IB,Inbound-(I)-BRIDGEVILLE FLYER TO DOWNTOWN,G310135,WD,5,0,0,25,PRT,2510,10/19/2025 6:00:00 AM,2/22/2026 6:00:00 AM,1,,,0,0.195499051583792
10352,O1,Ross Flyer,All Routes,00,BUS,IB,Inbound-(IN)-ROSS FLYER TO DOWNTOWN,O10090,WD,10,0,0,50,PRT,2510,10/19/2025 6:00:00 AM,2/22/2026 6:00:00 AM,1,,,0,0.10908368446959
10353,O1,Ross Flyer,All Routes,00,BUS,OB,Outbound-(ON)-ROSS FLYER,O10101,WD,10,0,0,50,PRT,2510,10/19/2025 6:00:00 AM,2/22/2026 6:00:00 AM,1,,,0,0.108457175369978
10354,O12,McKnight Flyer,All Routes,00,BUS,IB,Inbound-(IA)-MCKNIGHT FLYER DOWNTOWN VIA CCAC NORTH,O120137,WD,3,0,0,15,PRT,2510,10/19/2025 6:00:00 AM,2/22/2026 6:00:00 AM,1,,,0,0.229844814508347
10355,O12,McKnight Flyer,All Routes,00,BUS,OB,Outbound-(OA)-McKNIGHT FLYER MCCANDLESS PNR VIA CCAC NORTH,O120138,WD,3,0,0,15,PRT,2510,10/19/2025 6:00:00 AM,2/22/2026 6:00:00 AM,1,,,0,0.215046716464722
10356,O12,McKnight Flyer,All Routes,00,BUS,IB,Inbound-(I)-MCKNIGHT FLYER TO DOWNTOWN,O120139,WD,5,0,0,25,PRT,2510,10/19/2025 6:00:00 AM,2/22/2026 6:00:00 AM,1,,,0,0.201687822419004
10357,O12,McKnight Flyer,All Routes,00,BUS,IB,Inbound-(IB)-MCKNIGHT FLYER TO DOWNTOWN,O120140,WD,1,0,0,5,PRT,2510,10/19/2025 6:00:00 AM,2/22/2026 6:00:00 AM,1,,,0,0.201398638596147
10358,O12,McKnight Flyer,All Routes,00,BUS,OB,Outbound-(O)-MCKNIGHT FLYER TO MCCANDLESS PARK-AND-RIDE,O120141,WD,7,0,0,35,PRT,2510,10/19/2025 6:00:00 AM,2/22/2026 6:00:00 AM,1,,,0,0.188058938771388
10359,O5,Thompson Run Flyer,All Routes,00,BUS,OB,Outbound-(ON)-THOMPSON RUN FLYER TO MCCANDLESS,O50083,WD,3,0,0,15,PRT,2510,10/19/2025 6:00:00 AM,2/22/2026 6:00:00 AM,1,,,0,0.267420007886361
10360,O5,Thompson Run Flyer,All Routes,00,BUS,IB,Inbound-(IN)-THOMPSON RUN FLYER TO DOWNTOWN,O50084,WD,3,0,0,15,PRT,2510,10/19/2025 6:00:00 AM,2/22/2026 6:00:00 AM,1,,,0,0.284272046108176
10361,P10,Allegheny Valley Flyer,All Routes,00,BUS,IB,Inbound-(IG)-ALLEGHENY VLY FLYER TO DOWNTOWN,P100177,WD,5,0,0,25,PRT,2510,10/19/2025 6:00:00 AM,2/22/2026 6:00:00 AM,1,,,0,0.526019651672207
10362,P10,Allegheny Valley Flyer,All Routes,00,BUS,OB,Outbound-(O)-ALLEGHENY VLY FLYER TO HARRISON,P100178,WD,5,0,0,25,PRT,2510,10/19/2025 6:00:00 AM,2/22/2026 6:00:00 AM,1,,,0,0.505409893035185
10363,P1,East Busway-All Stops,All Routes,00,BUS,OB,Outbound-(O)-EAST BUSWAY-ALL STOPS TO SWISSVALE,P10117,"WD,SA,SU",95,66,45,586,PRT,2510,10/19/2025 6:00:00 AM,2/22/2026 6:00:00 AM,1,,,0,0.167204976599658
10364,P1,East Busway-All Stops,All Routes,00,BUS,IB,Inbound-(I)-EAST BUSWAY-ALL STOPS TO DOWNTOWN,P10118,"WD,SA,SU",95,66,45,586,PRT,2510,10/19/2025 6:00:00 AM,2/22/2026 6:00:00 AM,1,,,0,0.165742924339346
10365,P12,Holiday Park Flyer,All Routes,00,BUS,OB,Outbound-(OP)-HOLIDAY PARK FLYER VIA MONROEVILLE,P120193,WD,2,0,0,10,PRT,2510,10/19/2025 6:00:00 AM,2/22/2026 6:00:00 AM,1,,,0,0.370652308869902
10366,P12,Holiday Park Flyer,All Routes,00,BUS,OB,Outbound-(OP)-HOLIDAY PARK FLYER VIA MONROEVILLE,P120194,WD,6,0,0,30,PRT,2510,10/19/2025 6:00:00 AM,2/22/2026 6:00:00 AM,1,,,0,0.387064283995505
10367,P12,Holiday Park Flyer,All Routes,00,BUS,IB,Inbound-(IH)-HOLIDAY PARK FLYER TO DOWNTOWN,P120199,WD,5,0,0,25,PRT,2510,10/19/2025 6:00:00 AM,2/22/2026 6:00:00 AM,1,,,0,0.384081303979705
10368,P12,Holiday Park Flyer,All Routes,00,BUS,IB,Inbound-(IP)-HOLIDAY PARK FLYER TO DOWNTOWN,P120200,WD,3,0,0,15,PRT,2510,10/19/2025 6:00:00 AM,2/22/2026 6:00:00 AM,1,,,0,0.354625505886716
10369,P12,Holiday Park Flyer,All Routes,00,BUS,IB,Inbound-(IP)-HOLIDAY PARK FLYER TO DOWNTOWN,P120201,WD,2,0,0,10,PRT,2510,10/19/2025 6:00:00 AM,2/22/2026 6:00:00 AM,1,,,0,0.371037481012319
10370,P13,Mount Royal Flyer,All Routes,00,BUS,IB,Inbound-(IX)-MOUNT ROYAL FLYER TO DOWNTOWN,P130103,WD,3,0,0,15,PRT,2510,10/19/2025 6:00:00 AM,2/22/2026 6:00:00 AM,1,,,0,0.229249804170816
10371,P13,Mount Royal Flyer,All Routes,00,BUS,OB,Outbound-(OX)-MOUNT ROYAL FLYER TO ROSS,P130125,WD,3,0,0,15,PRT,2510,10/19/2025 6:00:00 AM,2/22/2026 6:00:00 AM,1,,,0,0.234869470005467
10372,P16,Penn Hills Flyer,All Routes,00,BUS,OB,Outbound-(OUR)-PENN HILLS-UNIVERSAL FLYER SALTSBURG RD,P160384,WD,4,0,0,20,PRT,2510,10/19/2025 6:00:00 AM,2/22/2026 6:00:00 AM,1,,,0,0.296699580582028
10373,P16,Penn Hills Flyer,All Routes,00,BUS,IB,Inbound-(ILR)-PENN HILLS-LEECHBURG FLYER TO DOWNTOWN,P160387,WD,4,0,0,20,PRT,2510,10/19/2025 6:00:00 AM,2/22/2026 6:00:00 AM,1,,,0,0.310715543289869
10374,P16,Penn Hills Flyer,All Routes,00,BUS,OB,Outbound-(OLU)-PENN HILLS-LEECHBURG FLYER UNITY-TRESTLE RD,P160388,WD,4,0,0,20,PRT,2510,10/19/2025 6:00:00 AM,2/22/2026 6:00:00 AM,1,,,0,0.308144201517886
10375,P16,Penn Hills Flyer,All Routes,00,BUS,IB,Inbound-(IUR)-PENN HILLS-UNIVERSAL FLYER TO DOWNTOWN,P160389,WD,4,0,0,20,PRT,2510,10/19/2025 6:00:00 AM,2/22/2026 6:00:00 AM,1,,,0,0.294528162207102
10376,P16,Penn Hills Flyer,All Routes,00,BUS,IB,Inbound-(IHR)-PENN HILLS-LEECHBURG FLYER TO DOWNTOWN,P160411,WD,3,0,0,15,PRT,2510,10/19/2025 6:00:00 AM,2/22/2026 6:00:00 AM,1,,,0,0.384454273802685
10377,P16,Penn Hills Flyer,All Routes,00,BUS,OB,Outbound-(OHP)-PENN HILLS-LEECHBURG FLYER TO HARMAR,P160412,WD,3,0,0,15,PRT,2510,10/19/2025 6:00:00 AM,2/22/2026 6:00:00 AM,1,,,0,0.379869693812597
10378,P17,Lincoln Park Flyer,All Routes,00,BUS,OB,Outbound-(OL)-LINCOLN PARK FLYER TO WILKINSBURG,P170136,WD,7,0,0,35,PRT,2510,10/19/2025 6:00:00 AM,2/22/2026 6:00:00 AM,1,,,0,0.282957143608808
10379,P17,Lincoln Park Flyer,All Routes,00,BUS,OB,Outbound-(OC)-LINCOLN PARK FLYER TO WILKINSBURG,P170137,WD,7,0,0,35,PRT,2510,10/19/2025 6:00:00 AM,2/22/2026 6:00:00 AM,1,,,0,0.14840796543862
10380,P17,Lincoln Park Flyer,All Routes,00,BUS,IB,Inbound-(IL)-LINCOLN PARK FLYER TO DOWNTOWN,P170138,WD,7,0,0,35,PRT,2510,10/19/2025 6:00:00 AM,2/22/2026 6:00:00 AM,1,,,0,0.287601056076108
10381,P17,Lincoln Park Flyer,All Routes,00,BUS,IB,Inbound-(IC)-LINCOLN PARK FLYER TO DOWNTOWN,P170139,WD,7,0,0,35,PRT,2510,10/19/2025 6:00:00 AM,2/22/2026 6:00:00 AM,1,,,0,0.147325641114184
10382,P3,East Busway-Oakland,All Routes,00,BUS,OB,Outbound-(O)-EAST BUSWAY-OAKLAND TO SWISSVALE,P30138,WD,46,0,0,230,PRT,2510,10/19/2025 6:00:00 AM,2/22/2026 6:00:00 AM,1,,,0,0.139839752067821
10383,P3,East Busway-Oakland,All Routes,00,BUS,IB,Inbound-(I)-EAST BUSWAY-OAKLAND,P30139,WD,46,0,0,230,PRT,2510,10/19/2025 6:00:00 AM,2/22/2026 6:00:00 AM,1,,,0,0.138232648630247
10384,P3,East Busway-Oakland,All Routes,00,BUS,IB,Inbound-(IE)-EAST BUSWAY-OAKLAND,P30140,WD,1,0,0,5,PRT,2510,10/19/2025 6:00:00 AM,2/22/2026 6:00:00 AM,1,,,0,0.0624484725397864
10385,P67,Monroeville Flyer,All Routes,00,BUS,IB,Inbound-(IM)-MONROEVILLE FLYER TO DOWNTOWN,P670169,WD,4,0,0,20,PRT,2510,10/19/2025 6:00:00 AM,2/22/2026 6:00:00 AM,1,,,0,0.247889628368359
10386,P67,Monroeville Flyer,All Routes,00,BUS,OB,Outbound-(OM)-MONROEVILLE FLYER TO MALL PNR,P670170,WD,4,0,0,20,PRT,2510,10/19/2025 6:00:00 AM,2/22/2026 6:00:00 AM,1,,,0,0.248164248585016
10387,P68,Braddock Hills Flyer,All Routes,00,BUS,IB,Inbound-(IF)-BRADDOCK HILLS FLYER TO DOWNTOWN,P680226,"WD,SA",21,14,0,119,PRT,2510,10/19/2025 6:00:00 AM,2/22/2026 6:00:00 AM,1,,,0,0.389567458084853
10388,P68,Braddock Hills Flyer,All Routes,00,BUS,IB,Inbound-(I)-BRADDOCK HILLS FLYER TO DOWNTOWN,P680233,SU,0,0,15,15,PRT,2510,10/19/2025 6:00:00 AM,2/22/2026 6:00:00 AM,1,,,0,0.385784666748605
10389,P68,Braddock Hills Flyer,All Routes,00,BUS,OB,Outbound-(O)-BRADDOCK HILLS FLYER TO FORBES HOSPITAL,P680234,SU,0,0,16,16,PRT,2510,10/19/2025 6:00:00 AM,2/22/2026 6:00:00 AM,1,,,0,0.390743900367974
10390,P68,Braddock Hills Flyer,All Routes,00,BUS,OB,Outbound-(OF)-BRADDOCK HILLS FLYER TO FORBES HOSPITAL,P680235,"WD,SA",23,17,0,132,PRT,2510,10/19/2025 6:00:00 AM,2/22/2026 6:00:00 AM,1,,,0,0.394526691675697
10391,P69,Trafford Flyer,All Routes,00,BUS,IB,Inbound-(ID)-TRAFFORD FLYER TO DOWNTOWN,P690162,WD,4,0,0,20,PRT,2510,10/19/2025 6:00:00 AM,2/22/2026 6:00:00 AM,1,,,0,0.321902476196917
10392,P69,Trafford Flyer,All Routes,00,BUS,OB,Outbound-(OD)-TRAFFORD FLYER VIA FOREST HILLS,P690163,WD,4,0,0,20,PRT,2510,10/19/2025 6:00:00 AM,2/22/2026 6:00:00 AM,1,,,0,0.323782406376953
10393,P7,McKeesport Flyer,All Routes,00,BUS,IB,Inbound-(ID)-MCKEESPORT FLYER TO DOWNTOWN,P70149,WD,11,0,0,55,PRT,2510,10/19/2025 6:00:00 AM,2/22/2026 6:00:00 AM,1,,,0,0.290541579325926
10394,P7,McKeesport Flyer,All Routes,00,BUS,OB,Outbound-(OD)-MCKEESPORT FLYER TO MCKEESPORT,P70150,WD,12,0,0,60,PRT,2510,10/19/2025 6:00:00 AM,2/22/2026 6:00:00 AM,1,,,0,0.28329696598224
10395,P71,Swissvale Flyer,All Routes,00,BUS,IB,Inbound-(IA)-SWISSVALE FLYER TO DOWNTOWN,P710184,WD,4,0,0,20,PRT,2510,10/19/2025 6:00:00 AM,2/22/2026 6:00:00 AM,1,,,0,0.20984682022201
10396,P71,Swissvale Flyer,All Routes,00,BUS,OB,Outbound-(OA)-SWISSVALE FLYER VIA REGENT SQ,P710189,WD,2,0,0,10,PRT,2510,10/19/2025 6:00:00 AM,2/22/2026 6:00:00 AM,1,,,0,0.205070621608308
10397,P71,Swissvale Flyer,All Routes,00,BUS,OB,Outbound-(OP)-SWISSVALE FLYER VIA REGENT SQ,P710193,WD,5,0,0,25,PRT,2510,10/19/2025 6:00:00 AM,2/22/2026 6:00:00 AM,1,,,0,0.216196323852546
10398,P71,Swissvale Flyer,All Routes,00,BUS,IB,Inbound-(IP)-SWISSVALE FLYER TO DOWNTOWN,P710194,WD,2,0,0,10,PRT,2510,10/19/2025 6:00:00 AM,2/22/2026 6:00:00 AM,1,,,0,0.196099120708124
10399,P76,Lincoln Highway Flyer,All Routes,00,BUS,OB,Outbound-(OD)-LINCOLN HWY FLYER TO VERSAILLES,P760199,WD,7,0,0,35,PRT,2510,10/19/2025 6:00:00 AM,2/22/2026 6:00:00 AM,1,,,0,0.363867402461192
10400,P76,Lincoln Highway Flyer,All Routes,00,BUS,IB,Inbound-(ID)-LINCOLN HWY FLYER TO DOWNTOWN,P760200,WD,8,0,0,40,PRT,2510,10/19/2025 6:00:00 AM,2/22/2026 6:00:00 AM,1,,,0,0.371908063827664
10401,P78,Oakmont Flyer,All Routes,00,BUS,OB,Outbound-(OD)-OAKMONT FLYER TO HARMAR,P780172,WD,22,0,0,110,PRT,2510,10/19/2025 6:00:00 AM,2/22/2026 6:00:00 AM,1,,,0,0.302610723024529
10402,P78,Oakmont Flyer,All Routes,00,BUS,IB,Inbound-(ID)-OAKMONT FLYER TO DOWNTOWN,P780173,WD,22,0,0,110,PRT,2510,10/19/2025 6:00:00 AM,2/22/2026 6:00:00 AM,1,,,0,0.297852914150349
10403,RED,Castle Shannon via Beechview,All Routes,00,RAIL,OB,Outbound-(OV)-RED LINE SOUTH HILLS VILLAGE VIA BEECHVIEW,RED0117,"WD,SA,SU",62,57,52,419,PRT,2510,10/19/2025 6:00:00 AM,2/22/2026 6:00:00 AM,1,,,0,0.184937807573868
10404,RED,Castle Shannon via Beechview,All Routes,00,RAIL,IB,Inbound-(IV)-RED LINE TO DOWNTOWN VIA BEECHVIEW,RED0118,"WD,SA,SU",62,57,52,419,PRT,2510,10/19/2025 6:00:00 AM,2/22/2026 6:00:00 AM,1,,,0,0.18431307421608
10405,SLVR,Library via Overbrook,All Routes,00,RAIL,OB,Outbound-(OS)-SILVER LINE TO LIBRARY,SLVR0044,WD,15,0,0,75,PRT,2510,10/19/2025 6:00:00 AM,2/22/2026 6:00:00 AM,1,,,0,0.0747706197505218
10406,SLVR,Library via Overbrook,All Routes,00,RAIL,IB,Inbound-(IS)-SILVER LINE TO WASHINGTON JUNCTION,SLVR0045,WD,15,0,0,75,PRT,2510,10/19/2025 6:00:00 AM,2/22/2026 6:00:00 AM,1,,,0,0.0748614855866285
10407,SLVR,Library via Overbrook,All Routes,00,RAIL,OB,Outbound-(O)-SILVER LINE TO LIBRARY,SLVR0055,"WD,SA,SU",40,27,26,253,PRT,2510,10/19/2025 6:00:00 AM,2/22/2026 6:00:00 AM,1,,,0,0.223246959357493
10408,SLVR,Library via Overbrook,All Routes,00,RAIL,IB,Inbound-(I)-SILVER LINE TO DOWNTOWN,SLVR0056,"WD,SA,SU",41,27,26,258,PRT,2510,10/19/2025 6:00:00 AM,2/22/2026 6:00:00 AM,1,,,0,0.223246961942068
10409,Y1,Large Flyer,All Routes,00,BUS,IB,Inbound-(IF)-LARGE FLYER TO DOWNTOWN,Y10159,WD,3,0,0,15,PRT,2510,10/19/2025 6:00:00 AM,2/22/2026 6:00:00 AM,1,,,0,0.216590451614224
10410,Y1,Large Flyer,All Routes,00,BUS,OB,Outbound-(OF)-LARGE FLYER TO LARGE,Y10165,WD,3,0,0,15,PRT,2510,10/19/2025 6:00:00 AM,2/22/2026 6:00:00 AM,1,,,0,0.21488677881378
10411,Y45,Baldwin Manor Flyer,All Routes,00,BUS,IB,Inbound-(IB)-BALDWIN MANOR FLYER TO DOWNTOWN,Y450176,WD,3,0,0,15,PRT,2510,10/19/2025 6:00:00 AM,2/22/2026 6:00:00 AM,1,,,0,0.197852118268912
10412,Y45,Baldwin Manor Flyer,All Routes,00,BUS,OB,Outbound-(OB)-BALDWIN MANOR FLYER TO BROUGHTON,Y450179,WD,3,0,0,15,PRT,2510,10/19/2025 6:00:00 AM,2/22/2026 6:00:00 AM,1,,,0,0.19449764094522
10413,Y46,Elizabeth Flyer,All Routes,00,BUS,OB,Outbound-(O)-ELIZABETH FLYER TO ELIZABETH,Y460183,"WD,SA,SU",22,16,14,140,PRT,2510,10/19/2025 6:00:00 AM,2/22/2026 6:00:00 AM,1,,,0,0.306925863355955
10414,Y46,Elizabeth Flyer,All Routes,00,BUS,OB,Outbound-(OP)-ELIZABETH FLYER TO LARGE-ELIZABETH,Y460184,WD,3,0,0,15,PRT,2510,10/19/2025 6:00:00 AM,2/22/2026 6:00:00 AM,1,,,0,0.314176147891499
10415,Y46,Elizabeth Flyer,All Routes,00,BUS,IB,Inbound-(I)-ELIZABETH FLYER TO DOWNTOWN,Y460189,"WD,SA,SU",22,16,14,140,PRT,2510,10/19/2025 6:00:00 AM,2/22/2026 6:00:00 AM,1,,,0,0.302157259835283
10416,Y46,Elizabeth Flyer,All Routes,00,BUS,IB,Inbound-(IP)-ELIZABETH FLYER TO DOWNTOWN,Y460190,WD,3,0,0,15,PRT,2510,10/19/2025 6:00:00 AM,2/22/2026 6:00:00 AM,1,,,0,0.309288447772177
10417,Y47,Curry Flyer,All Routes,00,BUS,OB,Outbound-(OM)-CURRY FLYER TO CENTURY SQUARE,Y470138,"WD,SA",5,18,0,43,PRT,2510,10/19/2025 6:00:00 AM,2/22/2026 6:00:00 AM,1,,,0,0.184849274615491
10418,Y47,Curry Flyer,All Routes,00,BUS,OB,Outbound-(O)-CURRY FLYER TO CCAC SOUTH,Y470139,WD,12,0,0,60,PRT,2510,10/19/2025 6:00:00 AM,2/22/2026 6:00:00 AM,1,,,0,0.211270230640169
10419,Y47,Curry Flyer,All Routes,00,BUS,IB,Inbound-(I)-CURRY FLYER TO DOWNTOWN,Y470140,WD,12,0,0,60,PRT,2510,10/19/2025 6:00:00 AM,2/22/2026 6:00:00 AM,1,,,0,0.221907661601687
10420,Y47,Curry Flyer,All Routes,00,BUS,IB,Inbound-(IM)-CURRY FLYER TO DOWNTOWN,Y470141,"WD,SA",5,18,0,43,PRT,2510,10/19/2025 6:00:00 AM,2/22/2026 6:00:00 AM,1,,,0,0.193412789025437
10421,Y49,Prospect Flyer,All Routes,00,BUS,OB,Outbound-(OC)-PROSPECT FLYER TO CCAC SOUTH,Y490124,"WD,SA,SU",11,9,9,73,PRT,2510,10/19/2025 6:00:00 AM,2/22/2026 6:00:00 AM,1,,,0,0.213375451216262
10422,Y49,Prospect Flyer,All Routes,00,BUS,OB,Outbound-(OW)-PROSPECT FLYER TO CENTURY SQUARE,Y490127,"WD,SA,SU",7,6,4,45,PRT,2510,10/19/2025 6:00:00 AM,2/22/2026 6:00:00 AM,1,,,0,0.186954495191584
10423,Y49,Prospect Flyer,All Routes,00,BUS,IB,Inbound-(IC)-PROSPECT FLYER TO DOWNTOWN,Y490129,"WD,SA,SU",11,9,9,73,PRT,2510,10/19/2025 6:00:00 AM,2/22/2026 6:00:00 AM,1,,,0,0.21941962034796
10424,Y49,Prospect Flyer,All Routes,00,BUS,IB,Inbound-(IW)-PROSPECT FLYER TO DOWNTOWN,Y490130,"WD,SA,SU",7,6,4,45,PRT,2510,10/19/2025 6:00:00 AM,2/22/2026 6:00:00 AM,1,,,0,0.190924747771709
10426,MI,Monongahela Incline,All Routes,00,INCLINE,IB,INBOUND - MONONGAHELA INCLINE,,"WD,SA,SU",78,97,62,549,PRT,,1/1/1970 6:00:00 AM,12/31/2099 6:00:00 AM,0,last updated 20250914,inclines added manually (no gtfs shape),0,0.00168362495820717
10428,DQI,Duquesne Incline,All Routes,00,INCLINE,IB,INBOUND - DUQUESNE INCLINE,,"WD,SA,SU",78,91,73,529,PRT,,1/1/1970 6:00:00 AM,12/31/2099 6:00:00 AM,0,last updated 20250914,inclines added manually (no gtfs shape),0,0.00216583009491355
10430,MI,Monongahela Incline,All Routes,00,INCLINE,OB,OUTBOUND - MONONGAHELA INCLINE,,"WD,SA,SU",78,97,62,549,PRT,,1/1/1970 6:00:00 AM,12/31/2099 6:00:00 AM,0,last updated 20250914,inclines added manually (no gtfs shape),0,0.00168362495820717
10432,DQI,Duquesne Incline,All Routes,00,INCLINE,OB,OUTBOUND - DUQUESNE INCLINE,,"WD,SA,SU",78,91,73,529,PRT,,1/1/1970 6:00:00 AM,12/31/2099 6:00:00 AM,0,last updated 20250914,inclines added manually (no gtfs shape),0,0.00216583009491355
10437,54,North Side-Oakland-South Side,All Routes,00,BUS,IB,Inbound-(ID)-OAKLAND-NORTH SIDE TO ALLEGHENY STATION,540179,"WD,SA,SU",12,7,4,71,PRT,2510,10/19/2025 6:00:00 AM,2/22/2026 6:00:00 AM,0,Detour 25325 (permanent),"Herron bridge reopen as of 10/19, service restored to normal alignment",0,0.227586544963232
10438,54,North Side-Oakland-South Side,All Routes,00,BUS,IB,Inbound-(IE)-OAKLAND-NORTH SIDE TO ALLEGHENY STATION,540180,"WD,SA,SU",14,11,7,88,PRT,2510,10/19/2025 6:00:00 AM,2/22/2026 6:00:00 AM,0,Detour 25325 (permanent),"Herron bridge reopen as of 10/19, service restored to normal alignment",0,0.201316061637681
10439,54,North Side-Oakland-South Side,All Routes,00,BUS,OB,Outbound-(OE)-OAKLAND-SOUTH SIDE TO BON AIR,540187,"WD,SA,SU",13,5,3,73,PRT,2510,10/19/2025 6:00:00 AM,2/22/2026 6:00:00 AM,0,Detour 25325 (permanent),"Herron bridge reopen as of 10/19, service restored to normal alignment",0,0.199399289078021
10440,54,North Side-Oakland-South Side,All Routes,00,BUS,OB,Outbound-(OD)-OAKLAND-SOUTH SIDE TO BON AIR,540188,"WD,SA,SU",14,12,8,90,PRT,2510,10/19/2025 6:00:00 AM,2/22/2026 6:00:00 AM,0,Detour 25325 (permanent),"Herron bridge reopen as of 10/19, service restored to normal alignment",0,0.225669771206789
10455,53,Homestead Park,All Routes,00,BUS,IB,Inbound-(I)-HOMESTEAD PARK TO WATERFRONT,530030,"SA,SU",0,13,7,20,PRT,2510,10/19/2025 6:00:00 AM,2/22/2026 6:00:00 AM,0,Detour notice 25322 (permanent change),Returning to original Waterfront shopping center stops,0,0.132793339593469
10456,53,Homestead Park,All Routes,00,BUS,OB,Outbound-(O)-HOMESTEAD PARK TO WEST MIFFLIN,530031,"SA,SU",0,13,7,20,PRT,2510,10/19/2025 6:00:00 AM,2/22/2026 6:00:00 AM,0,Detour notice 25322 (permanent change),Returning to original Waterfront shopping center stops,0,0.156099252266599
10457,53L,Homestead Park Limited,All Routes,00,BUS,IB,Inbound-(IP)-HOMESTEAD PARK LIMITED TO DOWNTOWN,53L0089,WD,6,0,0,30,PRT,2510,10/19/2025 6:00:00 AM,2/22/2026 6:00:00 AM,0,Detour notice 25322 (permanent change),Returning to original Waterfront shopping center stops,0,0.260730247346285
10458,53L,Homestead Park Limited,All Routes,00,BUS,IB,Inbound-(IV)-HOMESTEAD PARK LIMITED TO DOWNTOWN,53L0090,WD,13,0,0,65,PRT,2510,10/19/2025 6:00:00 AM,2/22/2026 6:00:00 AM,0,Detour notice 25322 (permanent change),Returning to original Waterfront shopping center stops,0,0.275729245626439
10459,53L,Homestead Park Limited,All Routes,00,BUS,OB,Outbound-(OV)-HOMESTEAD PARK LIMITED TO WEST MIFFLIN,53L0091,WD,16,0,0,80,PRT,2510,10/19/2025 6:00:00 AM,2/22/2026 6:00:00 AM,0,Detour notice 25322 (permanent change),Returning to original Waterfront shopping center stops,0,0.306549470634304
10460,53L,Homestead Park Limited,All Routes,00,BUS,OB,Outbound-(OP)-HOMESTEAD PARK LIMITED TO WEST MIFFLIN,53L0092,WD,3,0,0,15,PRT,2510,10/19/2025 6:00:00 AM,2/22/2026 6:00:00 AM,0,Detour notice 25322 (permanent change),Returning to original Waterfront shopping center stops,0,0.272045973068479
10461,57,Hazelwood,All Routes,00,BUS,IB,Inbound-(IG)-HAZELWOOD TO DOWNTOWN,570052,"WD,SA,SU",22,24,23,157,PRT,2510,10/19/2025 6:00:00 AM,2/22/2026 6:00:00 AM,0,Detour notice 25322 (permanent change),Returning to original Waterfront shopping center stops,0,0.149716103690209
10462,57,Hazelwood,All Routes,00,BUS,OB,Outbound-(OG)-HAZELWOOD TO WATERFRONT,570054,"WD,SA,SU",22,24,23,157,PRT,2510,10/19/2025 6:00:00 AM,2/22/2026 6:00:00 AM,0,Detour notice 25322 (permanent change),Returning to original Waterfront shopping center stops,0,0.151961200032572
10463,59,Mon Valley,All Routes,00,BUS,IB,Inbound-(IW)-MON VALLEY TO WEST MIFFLIN,590099,"WD,SA,SU",26,18,14,162,PRT,2510,10/19/2025 6:00:00 AM,2/22/2026 6:00:00 AM,0,Detour notice 25322 (permanent change),Returning to original Waterfront shopping center stops,0,0.572165268414044
10464,59,Mon Valley,All Routes,00,BUS,OB,Outbound-(OW)-MON VALLEY TO NORTH VERSAILLES,590100,"WD,SA,SU",26,18,14,162,PRT,2510,10/19/2025 6:00:00 AM,2/22/2026 6:00:00 AM,0,Detour notice 25322 (permanent change),Returning to original Waterfront shopping center stops,0,0.576252177292706
10465,61D,Murray Short,All Routes,00,BUS,IB,Inbound-(IS)-MURRAY SHORT TO OAKLAND,61D0137,"WD,SA,SU",60,49,31,380,PRT,2510,10/19/2025 6:00:00 AM,2/22/2026 6:00:00 AM,0,Detour notice 25322 (permanent change),Returning to original Waterfront shopping center stops,0,0.113636190538911
10466,61D,Murray Short,All Routes,00,BUS,OB,Outbound-(OS)-MURRAY SHORT TO WATERFRONT,61D0139,"WD,SA,SU",60,49,31,380,PRT,2510,10/19/2025 6:00:00 AM,2/22/2026 6:00:00 AM,0,Detour notice 25322 (permanent change),Returning to original Waterfront shopping center stops,0,0.127836678504002
10467,64,Lawrenceville-Waterfront,All Routes,00,BUS,IB,Inbound-(I)-LAWRENCEVILLE VIA SQ HILL-SHADYSIDE-BLOOMFIELD,640053,"WD,SA,SU",37,37,25,247,PRT,2510,10/19/2025 6:00:00 AM,2/22/2026 6:00:00 AM,0,Detour notice 25322 (permanent change),Returning to original Waterfront shopping center stops,0,0.145798528683839
10468,64,Lawrenceville-Waterfront,All Routes,00,BUS,OB,Outbound-(O)-WATERFRONT VIA BLOOMFIELD-SHADYSIDE-SQUIRREL HL,640054,"WD,SA,SU",37,37,25,247,PRT,2510,10/19/2025 6:00:00 AM,2/22/2026 6:00:00 AM,0,Detour notice 25322 (permanent change),Returning to original Waterfront shopping center stops,0,0.147119721963784
